{
  "Env/Episode_Reward/action_rate_l2": -0.4505966603755951,
  "Env/Episode_Reward/anti_shake_ang_vel": -0.010475311428308489,
  "Env/Episode_Reward/feet_acc": -0.02189302444458008,
  "Env/Episode_Reward/joint_limit": -0.00378815527074039,
  "Env/Episode_Reward/tracking_anchor_ori": 0.11615510284900664,
  "Env/Episode_Reward/tracking_anchor_pos": 0.1039060801267624,
  "Env/Episode_Reward/tracking_body_angvel": 0.1852383315563202,
  "Env/Episode_Reward/tracking_body_linvel": 0.22317394614219663,
  "Env/Episode_Reward/tracking_relative_body_ori": 0.21001747250556943,
  "Env/Episode_Reward/tracking_relative_body_pos": 0.261958509683609,
  "Env/Episode_Reward/tracking_vr_5point_local": 0.42475470900535583,
  "Env/Episode_Reward/undesired_contacts": -0.0029236115515232086,
  "Env/Episode_Termination/anchor_ori_full": 0.08251953125,
  "Env/Episode_Termination/anchor_pos": 0.0498046875,
  "Env/Episode_Termination/time_out": 0.8927409052848816,
  "Env/Metrics/motion/error_anchor_ang_vel": 0.9853604435920716,
  "Env/Metrics/motion/error_anchor_lin_vel": 0.28394025564193726,
  "Env/Metrics/motion/error_anchor_pos": 0.2848788797855377,
  "Env/Metrics/motion/error_anchor_rot": 0.17463316023349762,
  "Env/Metrics/motion/error_body_ang_vel": 1.6572051048278809,
  "Env/Metrics/motion/error_body_lin_vel": 0.354203462600708,
  "Env/Metrics/motion/error_body_pos": 0.05316139757633209,
  "Env/Metrics/motion/error_body_rot": 0.1886296421289444,
  "Env/Metrics/motion/error_joint_pos": 0.44535624980926514,
  "Env/Metrics/motion/error_joint_vel": 0.7638978362083435,
  "Env/adp_samp/effective_num_bins": 1.410319685935974,
  "Env/adp_samp/episodes_max_over_mean": 1.365411639213562,
  "Env/adp_samp/failure_rate_max": 0.6099769473075867,
  "Env/adp_samp/failure_rate_mean": 0.173867866396904,
  "Env/adp_samp/failure_rate_min": 5.000516102882102e-05,
  "Env/adp_samp/num_concentrated_bins": 0,
  "Env/adp_samp/num_episodes_max": 355525.8125,
  "Env/adp_samp/num_episodes_mean": 260379.96875,
  "Env/adp_samp/num_episodes_min": 179998.671875,
  "Env/adp_samp/num_failures_max": 216852.046875,
  "Env/adp_samp/num_failures_mean": 59797.76171875,
  "Env/adp_samp/num_failures_min": 9,
  "Env/adp_samp/prob_max": 0.8331574201583862,
  "Env/adp_samp/prob_max_over_uniform": 3.332629680633545,
  "Env/adp_samp/prob_mean": 0.25,
  "Env/adp_samp/prob_min": 0.0025643175467848778,
  "Episode_Reward/action_rate_l2": -0.4505966603755951,
  "Episode_Reward/anti_shake_ang_vel": -0.010475311428308489,
  "Episode_Reward/feet_acc": -0.02189302444458008,
  "Episode_Reward/joint_limit": -0.00378815527074039,
  "Episode_Reward/tracking_anchor_ori": 0.11615510284900664,
  "Episode_Reward/tracking_anchor_pos": 0.1039060801267624,
  "Episode_Reward/tracking_body_angvel": 0.1852383315563202,
  "Episode_Reward/tracking_body_linvel": 0.22317394614219663,
  "Episode_Reward/tracking_relative_body_ori": 0.21001747250556943,
  "Episode_Reward/tracking_relative_body_pos": 0.261958509683609,
  "Episode_Reward/tracking_vr_5point_local": 0.42475470900535583,
  "Episode_Reward/undesired_contacts": -0.0029236115515232086,
  "Episode_Termination/anchor_ori_full": 0.08251953125,
  "Episode_Termination/anchor_pos": 0.0498046875,
  "Episode_Termination/time_out": 0.8927409052848816,
  "Metrics/motion/error_anchor_ang_vel": 0.9853604435920716,
  "Metrics/motion/error_anchor_lin_vel": 0.28394025564193726,
  "Metrics/motion/error_anchor_pos": 0.2848788797855377,
  "Metrics/motion/error_anchor_rot": 0.17463316023349762,
  "Metrics/motion/error_body_ang_vel": 1.6572051048278809,
  "Metrics/motion/error_body_lin_vel": 0.354203462600708,
  "Metrics/motion/error_body_pos": 0.05316139757633209,
  "Metrics/motion/error_body_rot": 0.1886296421289444,
  "Metrics/motion/error_joint_pos": 0.44535624980926514,
  "Metrics/motion/error_joint_vel": 0.7638978362083435,
  "Policy/mean_noise_std": 0.49651038646698,
  "_runtime": 9538.980620369,
  "_step": 7157,
  "_timestamp": 1778043984.8233535,
  "_wandb": "{'runtime': 9538}",
  "adp_samp/effective_num_bins": 1.410319685935974,
  "adp_samp/episodes_max_over_mean": 1.365411639213562,
  "adp_samp/failure_rate_max": 0.6099769473075867,
  "adp_samp/failure_rate_mean": 0.173867866396904,
  "adp_samp/failure_rate_min": 5.000516102882102e-05,
  "adp_samp/num_concentrated_bins": 0,
  "adp_samp/num_episodes_max": 355525.8125,
  "adp_samp/num_episodes_mean": 260379.96875,
  "adp_samp/num_episodes_min": 179998.671875,
  "adp_samp/num_failures_max": 216852.046875,
  "adp_samp/num_failures_mean": 59797.76171875,
  "adp_samp/num_failures_min": 9,
  "adp_samp/prob_max": 0.8331574201583862,
  "adp_samp/prob_max_over_uniform": 3.332629680633545,
  "adp_samp/prob_mean": 0.25,
  "adp_samp/prob_min": 0.0025643175467848778,
  "aux_loss_scale": 1,
  "batch_idx": 7158,
  "collection_time": 1.0195136070251465,
  "episode": 1832448,
  "epoch": 7158,
  "eps": 192,
  "experiment_save_dir": "logs_rl/TRL_VR_H3_1_Track/manager/universal_token/all_modes/sonic_vr_h3_1_test-20260506_092721",
  "fps": 4587,
  "global_step": 7158,
  "it": 7158,
  "learn_time": 0.3198096752166748,
  "loss/aux_g1_recon_avg": 0.003901876276358962,
  "loss/aux_g1_smpl_latent_avg": 3.932452455046587e-05,
  "loss/aux_g1_teleop_latent_avg": 8.538071415387094e-05,
  "loss/aux_reencoded_smpl_g1_latent_avg": 2.6756968509289436e-05,
  "loss/aux_teleop_smpl_latent_avg": 5.949557453277521e-05,
  "loss/entropy_avg": 20.12158203125,
  "loss/policy_avg": -0.011862467974424362,
  "loss/total_aux_loss_avg": 0.0002499765541870147,
  "loss/total_aux_loss_unscaled_avg": 0.0002499765541870147,
  "loss/value_avg": 0.07826205343008041,
  "loss/weighted_ppo_loss_avg": -0.1348162293434143,
  "lr": 1e-05,
  "num_input_tokens_seen": 0,
  "num_total_batches": 100000,
  "objective/entropy": 20.12158203125,
  "objective/length": 138.86,
  "objective/rewards": 10.240683753192425,
  "policy/approxkl_avg": 0.016382930800318718,
  "policy/clipfrac_avg": 0.10686849802732468,
  "tot_time": 9015.020408153534,
  "tot_timesteps": 43978752,
  "val/advantage_mean": 1.5133991837501526e-08,
  "val/advantage_std": 0.9691206216812134,
  "val/clipfrac_avg": 0.012011718936264517,
  "val/ratio": 0.9966411590576172,
  "val/ratio_var": 3.907543941750191e-05
}